{
    "random_forest": {
        "num1": {
            "mse_mean": 1.3515570556710326,
            "mse_std": 0.1129992203927178,
            "mae_mean": 0.7879396375414258,
            "mae_std": 0.04071669227104556,
            "r2_mean": 0.9508171064527076,
            "r2_std": 0.004231559465094373
        },
        "num2": {
            "mse_mean": 3.6495679250874433,
            "mse_std": 0.1929441333726389,
            "mae_mean": 1.505905371766297,
            "mae_std": 0.02562188322258397,
            "r2_mean": 0.9157531653526828,
            "r2_std": 0.006160139237332547
        },
        "num3": {
            "mse_mean": 7.506365574933428,
            "mse_std": 0.34781097062191213,
            "mae_mean": 2.1392815523444613,
            "mae_std": 0.05086327510015612,
            "r2_mean": 0.8465018528291571,
            "r2_std": 0.008418920965335606
        },
        "num4": {
            "mse_mean": 3.846584214670307,
            "mse_std": 0.13395561941224615,
            "mae_mean": 1.533345197131719,
            "mae_std": 0.038451278344905575,
            "r2_mean": 0.9122683053597356,
            "r2_std": 0.006351475837816719
        },
        "num5": {
            "mse_mean": 1.2413366550132312,
            "mse_std": 0.08585360100068101,
            "mae_mean": 0.7320399105123004,
            "mae_std": 0.026973225068366614,
            "r2_mean": 0.9547141676455325,
            "r2_std": 0.0032452213888426846
        }
    },
    "xgboost": {
        "num1": {
            "mse_mean": 1.4947306871414185,
            "mse_std": 0.08233900779602667,
            "mae_mean": 0.8862288475036622,
            "mae_std": 0.026544131770006488,
            "r2_mean": 0.9456140875816346,
            "r2_std": 0.003113321677538801
        },
        "num2": {
            "mse_mean": 2.5034625053405763,
            "mse_std": 0.1176452123001009,
            "mae_mean": 1.2443757772445678,
            "mae_std": 0.01951273700902732,
            "r2_mean": 0.9421863317489624,
            "r2_std": 0.004368065546338386
        },
        "num3": {
            "mse_mean": 8.020554542541504,
            "mse_std": 0.4380216833187179,
            "mae_mean": 2.2114207267761232,
            "mae_std": 0.04402349095932535,
            "r2_mean": 0.8361700415611267,
            "r2_std": 0.0067772751831983846
        },
        "num4": {
            "mse_mean": 3.185122013092041,
            "mse_std": 0.141423322195102,
            "mae_mean": 1.386997890472412,
            "mae_std": 0.02894975284481009,
            "r2_mean": 0.9272639989852905,
            "r2_std": 0.0067210034011073415
        },
        "num5": {
            "mse_mean": 1.4414148569107055,
            "mse_std": 0.060449717841666833,
            "mae_mean": 0.8620156168937683,
            "mae_std": 0.013748291983348091,
            "r2_mean": 0.9474134325981141,
            "r2_std": 0.0025547887474107415
        }
    },
    "lightgbm": {
        "num1": {
            "mse_mean": 1.3008394631130795,
            "mse_std": 0.0743956924807282,
            "mae_mean": 0.8116176091432689,
            "mae_std": 0.017939971505187106,
            "r2_mean": 0.9526918506719699,
            "r2_std": 0.0024106706466064123
        },
        "num2": {
            "mse_mean": 2.1052935916413373,
            "mse_std": 0.0951984712561701,
            "mae_mean": 1.1471576013423994,
            "mae_std": 0.00979632451694184,
            "r2_mean": 0.9514235955783767,
            "r2_std": 0.0029568682807340815
        },
        "num3": {
            "mse_mean": 7.148520922890489,
            "mse_std": 0.2646702783040892,
            "mae_mean": 2.1001601533289853,
            "mae_std": 0.032350167550112226,
            "r2_mean": 0.8537956888787095,
            "r2_std": 0.0074704429596919066
        },
        "num4": {
            "mse_mean": 2.7017532357370384,
            "mse_std": 0.04065043121912184,
            "mae_mean": 1.2941421006863907,
            "mae_std": 0.01363941257631505,
            "r2_mean": 0.9384008776698682,
            "r2_std": 0.00365481624675801
        },
        "num5": {
            "mse_mean": 1.2636681410490103,
            "mse_std": 0.07956574840835721,
            "mae_mean": 0.7839618294632715,
            "mae_std": 0.014622431121484907,
            "r2_mean": 0.9539291215028344,
            "r2_std": 0.0025453664412012807
        }
    },
    "catboost": {
        "num1": {
            "mse_mean": 1.3117576932726194,
            "mse_std": 0.08362864152159755,
            "mae_mean": 0.8334953909285832,
            "mae_std": 0.021840513903903482,
            "r2_mean": 0.9522932990782756,
            "r2_std": 0.002798468772257767
        },
        "num2": {
            "mse_mean": 1.7048536174648405,
            "mse_std": 0.03588344018583935,
            "mae_mean": 1.0451706887744545,
            "mae_std": 0.01074052379595425,
            "r2_mean": 0.9606790035785918,
            "r2_std": 0.0014553803618039141
        },
        "num3": {
            "mse_mean": 7.036469910055809,
            "mse_std": 0.33696857647222866,
            "mae_mean": 2.083115444007011,
            "mae_std": 0.05097218050487262,
            "r2_mean": 0.8560245769781559,
            "r2_std": 0.009432604651086718
        },
        "num4": {
            "mse_mean": 2.4336086007046815,
            "mse_std": 0.05577815185101887,
            "mae_mean": 1.2181375605633085,
            "mae_std": 0.012226010801704877,
            "r2_mean": 0.9445350311928065,
            "r2_std": 0.003056019010883054
        },
        "num5": {
            "mse_mean": 1.272612570240583,
            "mse_std": 0.07297055067079143,
            "mae_mean": 0.8126764348638901,
            "mae_std": 0.019098355572073674,
            "r2_mean": 0.9535744662586583,
            "r2_std": 0.002788290792415517
        }
    }
}