{
    "random_forest": {
        "num1": {
            "mse_mean": 1.348308182615011,
            "mse_std": 0.11266750915173554,
            "mae_mean": 0.7879655873047674,
            "mae_std": 0.04169062246829451,
            "r2_mean": 0.9509347085779565,
            "r2_std": 0.004225343677881297
        },
        "num2": {
            "mse_mean": 3.6397244585576787,
            "mse_std": 0.19554725925533442,
            "mae_mean": 1.5049491105490302,
            "mae_std": 0.02821910301890535,
            "r2_mean": 0.9159885794472487,
            "r2_std": 0.0060733468644261195
        },
        "num3": {
            "mse_mean": 7.505615794929587,
            "mse_std": 0.3610336364364467,
            "mae_mean": 2.1390167522309316,
            "mae_std": 0.0558624983245536,
            "r2_mean": 0.8465056653730467,
            "r2_std": 0.008835670919479474
        },
        "num4": {
            "mse_mean": 3.8393499711168433,
            "mse_std": 0.14877061886989262,
            "mae_mean": 1.5297773743040075,
            "mae_std": 0.03926996216707616,
            "r2_mean": 0.912430659573969,
            "r2_std": 0.006571725170640641
        },
        "num5": {
            "mse_mean": 1.2370304739675941,
            "mse_std": 0.07931187595823125,
            "mae_mean": 0.7309271326371325,
            "mae_std": 0.02596404591801143,
            "r2_mean": 0.9548775792001649,
            "r2_std": 0.002930032829883194
        }
    },
    "xgboost": {
        "num1": {
            "mse_mean": 1.4930176496505738,
            "mse_std": 0.05903787137503427,
            "mae_mean": 0.8847017884254456,
            "mae_std": 0.016595052151236297,
            "r2_mean": 0.9456656455993653,
            "r2_std": 0.002558367593518026
        },
        "num2": {
            "mse_mean": 2.493977165222168,
            "mse_std": 0.1063043541746785,
            "mae_mean": 1.2401686668395997,
            "mae_std": 0.015727298443044338,
            "r2_mean": 0.9424322724342347,
            "r2_std": 0.003779602181211527
        },
        "num3": {
            "mse_mean": 8.048595428466797,
            "mse_std": 0.49368672106961947,
            "mae_mean": 2.2062802791595457,
            "mae_std": 0.06053478874811502,
            "r2_mean": 0.8354371666908265,
            "r2_std": 0.010749307652100847
        },
        "num4": {
            "mse_mean": 3.1983762264251707,
            "mse_std": 0.14485031155243164,
            "mae_mean": 1.3894763946533204,
            "mae_std": 0.023476826364176175,
            "r2_mean": 0.9269614696502686,
            "r2_std": 0.006914643452309826
        },
        "num5": {
            "mse_mean": 1.4419826030731202,
            "mse_std": 0.06647429662188621,
            "mae_mean": 0.8592447280883789,
            "mae_std": 0.01665003389010894,
            "r2_mean": 0.9474384427070618,
            "r2_std": 0.0016585883402390146
        }
    },
    "lightgbm": {
        "num1": {
            "mse_mean": 1.3107080446155794,
            "mse_std": 0.07924609602962779,
            "mae_mean": 0.8124253614813399,
            "mae_std": 0.021229907778264882,
            "r2_mean": 0.9523264969070269,
            "r2_std": 0.002707830986679981
        },
        "num2": {
            "mse_mean": 2.1222633347191255,
            "mse_std": 0.10685949081081439,
            "mae_mean": 1.1498241036616959,
            "mae_std": 0.01211881825290846,
            "r2_mean": 0.9510339423110006,
            "r2_std": 0.0031332660536702653
        },
        "num3": {
            "mse_mean": 7.241036322966278,
            "mse_std": 0.33787782551204054,
            "mae_mean": 2.1130783874606003,
            "mae_std": 0.0447274264234648,
            "r2_mean": 0.8519110266704997,
            "r2_std": 0.008427052855702402
        },
        "num4": {
            "mse_mean": 2.708287396264611,
            "mse_std": 0.025589054670674904,
            "mae_mean": 1.298316726796927,
            "mae_std": 0.007056511069808024,
            "r2_mean": 0.9382166525942731,
            "r2_std": 0.004179274988631435
        },
        "num5": {
            "mse_mean": 1.2541451991218928,
            "mse_std": 0.0793559246276967,
            "mae_mean": 0.783063173995991,
            "mae_std": 0.015357252089950927,
            "r2_mean": 0.9542690871243347,
            "r2_std": 0.0026637886081093713
        }
    },
    "catboost": {
        "num1": {
            "mse_mean": 1.3079281581197484,
            "mse_std": 0.07923012086213746,
            "mae_mean": 0.8310650621809043,
            "mae_std": 0.021738421430983194,
            "r2_mean": 0.9524377137818298,
            "r2_std": 0.002539310347632683
        },
        "num2": {
            "mse_mean": 1.7263555502184644,
            "mse_std": 0.03057389149633201,
            "mae_mean": 1.05253782443006,
            "mae_std": 0.008469353230397903,
            "r2_mean": 0.9601717981045544,
            "r2_std": 0.0017009956668657855
        },
        "num3": {
            "mse_mean": 7.142849073990765,
            "mse_std": 0.3636140686715611,
            "mae_mean": 2.0976960777787133,
            "mae_std": 0.05430867959849525,
            "r2_mean": 0.8538430007398752,
            "r2_std": 0.009948772409733693
        },
        "num4": {
            "mse_mean": 2.4373844119615193,
            "mse_std": 0.0520921793753951,
            "mae_mean": 1.2132831952527288,
            "mae_std": 0.014079638263157272,
            "r2_mean": 0.9444626288141376,
            "r2_std": 0.002786693596802992
        },
        "num5": {
            "mse_mean": 1.2722430488765553,
            "mse_std": 0.07339191362322285,
            "mae_mean": 0.8140948459386921,
            "mae_std": 0.0205013167915935,
            "r2_mean": 0.9535897854497538,
            "r2_std": 0.0027718260261653488
        }
    }
}