{
    "random_forest": {
        "num1": {
            "mse": 2.0256325211407558,
            "mae": 1.1396437631266465,
            "r2": 0.9230553355253331
        },
        "num2": {
            "mse": 3.4514671150652423,
            "mae": 1.4750869312290056,
            "r2": 0.91959515271457
        },
        "num3": {
            "mse": 7.777121997687059,
            "mae": 2.1540661246256825,
            "r2": 0.8427797944951652
        },
        "num4": {
            "mse": 4.022234711050866,
            "mae": 1.55307969088916,
            "r2": 0.9138744508367083
        },
        "num5": {
            "mse": 1.726208292682147,
            "mae": 1.053893544047281,
            "r2": 0.9385300451420493
        }
    },
    "xgboost": {},
    "lightgbm": {},
    "catboost": {},
    "neural_network": {},
    "ensemble": {}
}