avg_hit_rate,hit_count_3_plus_percentage,kl_divergence,ks_statistic,cosine_similarity,intra_set_diversity,inter_set_diversity,composite_score
0.12000000000000002,0.0,8.227996205161265,0.6122448979591837,0.6138980451710625,0.8960000000000001,0.9166666666666667,0.27377643296156484
