{
    "random_forest": {
        "num1": {
            "mse": 2.038462177467018,
            "mae": 1.1422016170703302,
            "r2": 0.9225679946127803
        },
        "num2": {
            "mse": 3.463294367199287,
            "mae": 1.4774166117611005,
            "r2": 0.9193196268671722
        },
        "num3": {
            "mse": 7.79670958910265,
            "mae": 2.154929599771321,
            "r2": 0.8423838170180702
        },
        "num4": {
            "mse": 4.009357467811184,
            "mae": 1.5535264381222391,
            "r2": 0.9141501830416638
        },
        "num5": {
            "mse": 1.7254220910153555,
            "mae": 1.0549749762424878,
            "r2": 0.9385580416365463
        }
    },
    "xgboost": {},
    "lightgbm": {},
    "catboost": {},
    "neural_network": {},
    "ensemble": {}
}