{"iterations": 473, "depth": 7, "learning_rate": 0.054450988159472566, "random_strength": 1.1868167567811456e-09, "bagging_temperature": 8.464755163552955}