{"n_estimators": 479, "max_depth": 10, "learning_rate": 0.030323566547152823, "subsample": 0.6184137818699648, "colsample_bytree": 0.9609840012246603}