{"hidden_layers": 1, "neurons": 32, "dropout": 0.10845559239362407, "learning_rate": 0.006735877062939305}