{"n_estimators": 473, "max_depth": 5, "learning_rate": 0.03265385498473553, "subsample": 0.9114671153747214, "colsample_bytree": 0.9926456063830735}